estacion,m/s vento a 10m,Refacho a 10m (m/s), (m/s),Refacho a 30m (m/s),Desviación típica da velocidade do vento a 30m (m/s),Desviación típica da velocidade do vento a 10m (m/s),Desviación típica da dirección do vento a 10m (grados),Desviación típica da dirección do vento a 30m (grados),Dirección do refacho a 30m (grados),Dirección do vento a 30m (grados),Dirección do refacho a 10m (grados),Dirección do vento a 10m (grados),Temperatura a 1.5m (grados C),Temperatura a 0.1m (grados C),Temperatura a 30m (grados C),Temperatura a 10m (grados C),Humidade Relativa a 10m (%),Humidade Relativa a 1.5m (%),Radiación solar W/m2,Radiación difusa W/m2,Chuvia L/m2,Presión hPa,Horas de sol,Temperatura de orballo a 1.5m ºC,Temperatura do chan a -0.5m ºC,Temperatura do chan a -0.1m ºC/26/_Valor,Presión reducida hPa,_Data,chove nas pŕoximas 3h,sol directo,alta humidade,rego
81,"0,95","1,54","2,08","2,71","0,25","0,26",13,5,147,142,122,105,"10,76","10,08","11,69","11,08",94,97,0,0,0,"982,46",0,"10,26","18,1","17,27","1012,98",19/10/2017 0:10:00,0,1,1,0
81,"1,12","1,85","2,02","2,68","0,3","0,32",12,6,144,137,120,103,"10,7","10,01","11,72","11,08",94,96,0,0,0,"982,38",0,"10,17","18,1","17,25","1012,91",19/10/2017 0:20:00,0,1,1,0
81,"1,12","2,06","2,7","3,4","0,3","0,39",23,5,142,138,118,97,"10,56","9,96","11,66","11,02",94,96,0,0,0,"982,29",0,10,"18,11","17,22","1012,83",19/10/2017 0:30:00,0,1,1,0
81,"0,73","1,9","2,14","3,46","0,66","0,4",42,12,131,146,126,107,"10,5","9,78","11,42","10,81",94,96,0,0,0,"982,26",0,"9,94","18,11","17,2","1012,8",19/10/2017 0:40:00,0,1,1,0
81,"0,91","1,95","1,5","2,12","0,3","0,5",19,8,138,150,88,113,"10,5","9,89","11,41","10,74",94,96,0,0,0,"982,19",0,"9,94","18,11","17,17","1012,73",19/10/2017 0:50:00,0,1,1,0
81,"1,21","1,96","2,14","2,94","0,28","0,31",21,11,142,148,137,101,"10,44","9,93","11,66","10,81",94,96,0,0,0,"982,12",0,"9,86","18,11","17,14","1012,67",19/10/2017 1:00:00,0,1,1,0
81,"0,76","1,85","2,19","2,94","0,31","0,38",14,6,150,147,99,103,"10,54","10,02","11,5","10,83",93,96,0,0,0,"982,05",0,"9,96","18,11","17,12","1012,59",19/10/2017 1:10:00,0,1,1,0
81,"0,95","2,16","1,89","2,87","0,4","0,37",22,10,132,137,92,109,"10,57","10,02","11,37","10,78",93,96,0,0,0,"982,04",0,"9,98","18,11","17,09","1012,57",19/10/2017 1:20:00,0,1,1,0
81,"1,34","2,27","2,64","3,59","0,4","0,39",20,7,134,135,84,101,"10,54","10,13","11,29","10,77",93,96,0,0,0,"982,02",0,"9,9","18,11","17,07","1012,56",19/10/2017 1:30:00,0,1,1,0
81,"0,75","1,85","2,25","3,4","0,55","0,41",38,13,141,142,116,110,"10,56","10,09","11,38","10,83",93,96,0,0,0,"982,06",0,"9,9","18,11","17,05","1012,6",19/10/2017 1:40:00,0,1,1,0
81,"0,76","2,58","2,14","3,45","0,63","0,43",64,12,140,140,98,110,"10,52","9,91","11,16","10,72",93,96,0,0,0,"982,03",0,"9,83","18,11","17,02","1012,57",19/10/2017 1:50:00,0,1,1,0
81,"0,59","1,65","2,14","3,79","0,58","0,39",18,11,151,143,112,92,"10,45","9,88","11,07","10,6",93,96,0,0,0,"981,96",0,"9,76","18,11",17,"1012,5",19/10/2017 2:00:00,0,1,1,0
81,"0,89","1,75","1,92","2,71","0,4","0,3",28,11,147,137,112,104,"10,41","9,96","10,96","10,53",93,96,0,0,0,"982,01",0,"9,72","18,1","16,97","1012,55",19/10/2017 2:10:00,0,1,1,0
81,"0,97","1,75","1,69","2,35","0,31","0,3",19,13,116,121,118,81,"10,41","10,02","11,02","10,54",93,96,0,0,0,"982,03",0,"9,72","18,1","16,95","1012,58",19/10/2017 2:20:00,0,1,1,0
81,"0,86","2,06","1,34","2,02","0,32","0,36",18,14,139,136,123,98,"10,35","9,99","11,14","10,56",93,96,0,0,0,"982,07",0,"9,66","18,1","16,93","1012,63",19/10/2017 2:30:00,0,1,1,0
81,"1,02","1,65","1,04","1,76","0,4","0,27",9,10,138,148,115,105,"10,44","10,15","11,21","10,69",92,95,0,0,0,"981,98",0,"9,74","18,1","16,9","1012,53",19/10/2017 2:40:00,1,1,0,0
81,"0,97","1,54","0,92","2,16","0,58","0,24",14,9,145,152,106,103,"10,5","10,18","11,35","10,75",92,95,0,0,0,"981,98",0,"9,75","18,1","16,88","1012,51",19/10/2017 2:50:00,0,1,0,0
81,"0,96","1,65","1,21","1,86","0,32","0,27",8,6,139,141,102,106,"10,5","10,23","11,31","10,76",92,95,0,0,0,"981,85",0,"9,72","18,1","16,86","1012,39",19/10/2017 3:00:00,0,1,0,0
81,"0,93","1,65","1,29","1,76","0,23","0,29",13,8,143,146,124,118,"10,54","10,33","11,22","10,73",92,95,0,0,0,"981,83",0,"9,73","18,09","16,84","1012,36",19/10/2017 3:10:00,0,1,0,0
81,"1,12","1,75","1,71","2,32","0,31","0,26",9,7,138,139,118,105,"10,59","10,38","11,26","10,77",91,94,0,0,0,"981,72",0,"9,71","18,09","16,82","1012,24",19/10/2017 3:20:00,0,1,0,0
81,"0,98","1,85","1,9","2,81","0,38","0,34",15,9,128,136,104,89,"10,61","10,39","11,3","10,85",91,94,0,0,0,"981,66",0,"9,72","18,09","16,79","1012,18",19/10/2017 3:30:00,0,1,0,0
81,"0,76","1,74","2,63","3,62","0,44","0,36",35,8,143,145,127,93,"10,63","10,38","11,24","10,78",91,94,0,0,0,"981,51",0,"9,75","18,09","16,77","1012,02",19/10/2017 3:40:00,0,1,0,0
81,"0,38","1,21","2,36","3,23","0,46","0,24",42,8,151,151,188,135,"10,63","10,35","11,31","10,76",91,94,0,0,0,"981,5",0,"9,75","18,09","16,75","1012,01",19/10/2017 3:50:00,0,1,0,0
81,"0,57","1,75","2,52","3,46","0,43","0,35",29,6,150,151,142,132,"10,64","10,4","11,28","10,73",92,94,0,0,0,"981,45",0,"9,79","18,09","16,73","1011,96",19/10/2017 4:00:00,0,1,0,0
81,"0,63","2,26","2,79","3,97","0,43","0,42",44,7,153,151,126,102,"10,68","10,66","11,27","10,77",91,95,0,0,0,"981,45",0,"9,85","18,09","16,71","1011,95",19/10/2017 4:10:00,0,1,0,0
81,"0,61","1,75","2,39","3,4","0,44","0,34",39,8,140,148,162,125,"10,78","10,86","11,31","10,84",91,95,0,0,0,"981,43",0,"9,96","18,09","16,7","1011,92",19/10/2017 4:20:00,0,1,0,0
81,"0,69","1,75","2,46","3,43","0,46","0,34",35,8,149,150,157,145,"10,83","10,89","11,32","10,9",91,94,0,0,0,"981,31",0,"9,98","18,09","16,68","1011,79",19/10/2017 4:30:00,0,1,0,0
81,"1,15","2,26","2,4","3,13","0,31","0,45",14,6,147,145,159,133,"10,85","10,89","11,28","10,94",90,94,0,0,0,"981,24",0,"9,91","18,09","16,66","1011,72",19/10/2017 4:40:00,0,1,0,0
81,"0,87","1,85","2,15","3,13","0,33","0,34",17,7,140,140,129,111,"10,89","10,9","11,29","10,95",90,93,0,0,0,"981,28",0,"9,84","18,08","16,64","1011,75",19/10/2017 4:50:00,0,1,0,0
81,"0,94","2,02","2,5","3,33","0,36","0,38",22,6,143,141,133,118,"10,95","10,95","11,33","10,99",90,93,0,0,0,"981,38",0,"9,88","18,08","16,63","1011,85",19/10/2017 5:00:00,0,1,0,0
81,"0,6","1,54","1,92","2,61","0,34","0,31",18,7,143,150,129,128,"10,98","11,01","11,47","11,08",89,93,0,0,0,"981,44",0,"9,83","18,07","16,61","1011,9",19/10/2017 5:10:00,0,1,0,0
81,"0,51","1,44","1,72","2,38","0,25","0,35",11,7,155,153,133,123,"11,07","11,12","11,52","11,11",89,92,0,0,0,"981,4",0,"9,85","18,06","16,59","1011,86",19/10/2017 5:20:00,0,1,0,0
81,"0,86","1,96","2,1","2,58","0,25","0,4",28,7,156,151,99,140,"11,09","11,07","11,51","11,13",88,92,0,0,0,"981,34",0,"9,84","18,06","16,58","1011,79",19/10/2017 5:30:00,0,1,0,0
81,"0,8","1,84","2,19","3,2","0,38","0,38",23,8,170,159,139,158,"11,11","11,09","11,56","11,16",89,92,0,0,"0,1","981,3",0,"9,81","18,06","16,56","1011,75",19/10/2017 5:40:00,0,1,0,0
81,"0,95","2,26","2,47","3,2","0,34","0,46",25,8,160,167,176,169,"11,17","11,14","11,66","11,2",89,92,0,0,0,"981,11",0,"9,86","18,06","16,55","1011,55",19/10/2017 5:50:00,0,1,0,0
81,"0,76","1,44","1,62","3,27","0,51","0,29",17,8,166,180,156,174,"11,23","11,18","11,88","11,26",88,91,0,0,0,"981,09",0,"9,87","18,05","16,53","1011,52",19/10/2017 6:00:00,1,1,0,0
81,"0,39","0,72","0,9","1,37","0,21","0,19",11,10,183,171,154,150,"11,28","11,31","11,9","11,31",88,92,0,0,0,"981,05",0,"9,96","18,05","16,52","1011,47",19/10/2017 6:10:00,0,1,0,0
81,"0,91","1,54","0,88","2,16","0,39","0,31",14,13,125,142,79,95,"11,28","11,29","11,96","11,42",88,92,0,0,0,"981,12",0,"9,96","18,04","16,51","1011,54",19/10/2017 6:20:00,0,1,0,0
81,"0,94","1,75","1,51","2,12","0,28","0,32",37,21,190,157,153,124,"11,43","11,34","12,12","11,61",88,92,0,0,0,"980,97",0,"10,13","18,04","16,49","1011,38",19/10/2017 6:30:00,0,1,0,0
81,"1,23","2,27","1,82","2,78","0,34","0,36",15,10,190,180,187,177,"11,49","11,41","12,21","11,73",86,90,0,0,0,"981,06",0,"9,99","18,04","16,48","1011,46",19/10/2017 6:40:00,0,1,0,0
81,"1,21","2,47","1,96","3,3","0,65","0,57",13,9,188,191,195,176,"11,64","11,61","12,46","11,95",84,89,0,0,0,"981,04",0,"9,89","18,03","16,47","1011,42",19/10/2017 6:50:00,0,1,0,0
81,"0,64","1,43","1,35","2,38","0,35","0,29",15,10,184,184,206,166,"11,79","11,71","12,49","12,1",84,89,0,1,0,"980,98",0,"9,99","18,03","16,45","1011,35",19/10/2017 7:00:00,0,1,0,0
81,"0,62","1,13","1,37","2,32","0,31","0,24",42,12,145,156,151,136,"11,76","11,63","12,22","11,88",85,89,0,2,0,981,0,"10,01","18,03","16,44","1011,37",19/10/2017 7:10:00,0,1,0,0
81,"0,81","1,34","1,53","2,73","0,41","0,26",17,11,189,171,158,138,"11,72","11,59","12,25","11,79",85,88,1,4,0,"981,11",0,"9,87","18,02","16,43","1011,49",19/10/2017 7:20:00,0,0,0,1
81,"0,95","1,75","1,73","2,8","0,38","0,3",17,10,187,180,175,164,"11,79","11,72","12,51","11,94",85,88,6,6,0,"981,23",0,"9,89","18,01","16,42","1011,61",19/10/2017 7:30:00,1,0,0,0
81,"1,03","3,18","1,61","4,27","0,58","0,37",17,13,222,201,245,191,"11,9","11,84","12,54","12,06",84,88,6,5,0,"981,42",0,"9,98","18,01","16,41","1011,79",19/10/2017 7:40:00,0,0,0,1
81,"2,26","4,84","3,33","5,41","0,8","0,73",19,15,206,208,201,192,"12,11","12,03","12,78","12,34",83,87,8,7,0,"981,49",0,"10,03",18,"16,41","1011,84",19/10/2017 7:50:00,0,0,0,1
81,"2,92","4,95","3,92","5,62","0,62","0,75",19,11,212,204,198,192,"12,45","12,3","12,89","12,64",82,86,18,17,0,"981,6",0,"10,11",18,"16,4","1011,91",19/10/2017 8:00:00,0,0,0,1
81,"2,4","4,74","3,59","5,42","0,87","0,79",19,12,203,210,208,198,"12,54","12,32","12,72","12,51",85,87,29,27,0,"981,71",0,"10,38",18,"16,39","1012,01",19/10/2017 8:10:00,0,0,0,1
81,"2,74","5,05","3,82","6,17","0,91","0,92",20,14,190,202,172,192,"12,55","12,5","12,69","12,45",86,88,47,45,0,"981,76",0,"10,53","17,99","16,38","1012,06",19/10/2017 8:20:00,0,0,0,1
81,"2,69","5,36","3,6","6,43","1,09","0,98",15,13,219,211,193,202,"12,58","12,43","12,7","12,47",86,88,29,28,0,"981,9",0,"10,6","17,99","16,37","1012,2",19/10/2017 8:30:00,0,0,0,1
81,"3,16","5,05","4,41","5,93","0,86","0,86",18,11,196,210,195,200,"12,55","12,4","12,62","12,43",86,88,35,33,0,"981,94",0,"10,6","17,99","16,36","1012,25",19/10/2017 8:40:00,0,0,0,1
81,"2,52","5,05","3,58","6,3","0,95","0,82",18,11,211,214,194,208,"12,53","12,36","12,56","12,36",88,89,31,29,0,982,0,"10,73","17,99","16,36","1012,31",19/10/2017 8:50:00,0,0,0,1
81,"2,55","4,64","3,69","6,17","0,95","0,83",23,13,236,213,197,204,"12,48","12,35","12,46","12,24",90,90,34,33,"0,1","982,06",0,"10,97","17,98","16,35","1012,37",19/10/2017 9:00:00,0,0,0,1
81,"2,56","4,64","3,55","6,17","1,13","0,7",20,14,235,224,182,216,"12,43","12,3","12,43","12,2",90,92,30,29,0,"982,14",0,"11,1","17,97","16,35","1012,46",19/10/2017 9:10:00,0,0,0,1
81,"2,58","4,02","3,67","5,65","0,75","0,62",15,10,204,216,200,207,"12,43","12,46","12,39","12,17",92,93,54,51,0,"982,14",0,"11,28","17,96","16,34","1012,46",19/10/2017 9:20:00,0,0,0,1
81,"2,39","5,15","3,59","5,84","0,84","0,76",19,12,215,212,215,207,"12,53","12,7","12,49","12,3",92,93,48,45,0,"982,07",0,"11,48","17,96","16,34","1012,37",19/10/2017 9:30:00,0,0,0,1
81,"2,55","5,05","3,69","6,07","0,96","0,83",18,12,222,217,212,210,"12,63","12,86","12,63","12,46",92,93,54,52,0,"982,07",0,"11,58","17,96","16,33","1012,36",19/10/2017 9:40:00,0,0,0,1
81,"2,92","5,01","4,13","5,45","0,71","0,81",16,11,186,207,199,196,"12,71","12,92","12,7","12,54",92,93,55,52,0,"981,99",0,"11,61","17,95","16,32","1012,27",19/10/2017 9:50:00,0,0,0,1
81,"2,59","4,54","3,7","6,43","0,88","0,71",18,15,225,220,231,216,"12,8","12,95","12,81","12,62",92,93,45,42,0,"982,16",0,"11,71","17,95","16,32","1012,43",19/10/2017 10:00:00,0,0,0,1
81,"2,54","4,83","3,24","5,26","1,05","0,85",20,14,226,220,189,214,"12,91","13,03","12,92","12,7",92,94,44,42,0,"982,24",0,"11,89","17,94","16,32","1012,5",19/10/2017 10:10:00,0,0,0,1
81,"2,68","4,54","3,52","5,12","0,76","0,74",17,13,237,234,237,227,"12,91","12,92","12,89","12,68",93,94,36,34,0,"982,35",0,"11,98","17,94","16,31","1012,62",19/10/2017 10:20:00,0,0,1,0
81,"2,94","4,85","3,8","5,74","0,87","0,79",20,14,209,223,211,213,"12,84","12,92","12,78","12,57",94,95,64,60,"0,1","982,36",0,"12,08","17,94","16,31","1012,63",19/10/2017 10:30:00,0,0,1,0
81,"3,07","5,46","4,07","6,53","0,89","0,95",17,12,222,205,222,201,"12,85","12,99","12,79","12,61",94,95,45,43,0,"982,33",0,"12,12","17,94","16,31","1012,6",19/10/2017 10:40:00,1,0,1,0
81,"2,92","4,84","4,13","6,01","0,76","0,75",16,9,197,200,201,195,"12,91","13,12","12,89","12,68",94,95,72,68,0,"982,24",0,"12,18","17,92","16,31","1012,5",19/10/2017 10:50:00,1,0,1,0
81,"2,81","4,63","3,68","5,55","0,83","0,8",20,14,221,205,193,200,"13,01","13,38","12,94","12,76",94,95,78,74,0,"982,26",0,"12,29","17,92","16,31","1012,51",19/10/2017 11:00:00,0,0,1,0
81,"2,59","4,64","3,5","5,8","0,91","0,78",16,13,220,222,213,216,"13,13","13,54","13,04","12,89",94,96,75,71,0,"982,38",0,"12,46","17,92","16,31","1012,62",19/10/2017 11:10:00,0,0,1,0
81,"3,23","5,76","4,56","6,56","1,05","0,96",17,9,214,212,207,203,"13,18","13,47","13,11","12,94",94,96,73,70,0,"982,4",0,"12,52","17,91","16,31","1012,63",19/10/2017 11:20:00,1,0,1,0
81,"2,45","4,69","3,62","5,68","0,85","0,73",20,14,181,211,202,206,"13,35","13,93","13,21","13,08",95,96,98,93,0,"982,47",0,"12,74","17,91","16,31","1012,68",19/10/2017 11:30:00,1,0,1,0
81,"3,06","4,84","4,24","6,2","0,78","0,84",16,10,221,217,222,211,"13,49","14,13","13,37","13,26",95,96,127,121,0,"982,33",0,"12,88","17,9","16,31","1012,53",19/10/2017 11:40:00,0,0,1,0
81,"3,31","5,98","4,64","6,27","0,85","0,95",17,13,242,229,237,221,"13,77","14,74","13,57","13,48",95,96,152,146,0,"982,26",0,"13,16","17,9","16,31","1012,42",19/10/2017 11:50:00,0,0,1,0
81,"3,15","6,39","4,41","7,59","1,19","1,11",17,13,240,229,233,222,14,"15,06","13,82","13,74",95,96,227,212,0,"982,25","0,0333","13,37","17,9","16,31","1012,39",19/10/2017 12:00:00,1,0,1,0
81,"3,9","7,41","5,62","8,68","1,35","1,25",16,12,238,233,211,227,"14,33","15,61","14,02","13,95",94,96,276,254,0,"982,21","0,05","13,67","17,9","16,31","1012,3",19/10/2017 12:10:00,1,0,1,0
81,"4,12","6,81","5,37","7,9","1,12","1,16",18,12,221,221,228,212,"14,7","16,34","14,31","14,32",94,95,291,259,0,"982,06","0,05","13,91","17,9","16,32","1012,1",19/10/2017 12:20:00,1,0,1,0
81,"3,46","6,07","4,5","6,76","0,9","0,91",17,12,223,231,222,220,"14,75","15,36","14,52","14,42",93,94,111,106,0,"981,95",0,"13,79","17,89","16,32","1011,99",19/10/2017 12:30:00,1,0,1,0
81,"2,95","7,02","4,28","6,7","1,12","1,14",21,13,212,220,200,214,"14,73","15,28","14,55","14,44",93,94,104,98,0,"981,85",0,"13,74","17,88","16,33","1011,89",19/10/2017 12:40:00,1,0,1,0
81,"3,23","5,57","4,38","6,79","1,02","0,92",18,13,205,220,207,208,"14,82","15,5","14,71","14,57",91,93,135,127,0,"981,66",0,"13,65","17,87","16,33","1011,68",19/10/2017 12:50:00,1,0,0,0
81,"3,54","6,6","4,96","7,74","1,19","1,02",17,11,209,217,241,210,"15,05","15,82","14,94","14,82",90,92,161,150,0,"981,53",0,"13,74","17,86","16,33","1011,53",19/10/2017 13:00:00,1,0,0,0
81,"3,74","7,42","5,2","8,17","1,15","1,33",19,13,234,220,229,211,"15,25","15,94","15,15","15,01",90,92,163,148,0,"981,54",0,"13,89","17,86","16,34","1011,51",19/10/2017 13:10:00,1,0,0,0
81,"4,38","8,04","6,15","8,94","1,28","1,19",19,13,220,223,212,215,"15,19","15,39","15,11","14,93",90,91,82,76,0,"981,64",0,"13,8","17,86","16,35","1011,62",19/10/2017 13:20:00,1,0,0,0
81,"3,91","7,02","5,52","8,59","1,24","1,26",18,13,222,228,182,220,"15,12","15,07","15,12","14,91",91,92,58,54,0,"981,72",0,"13,85","17,85","16,36","1011,71",19/10/2017 13:30:00,1,0,0,0
81,"3,52","6,81","4,96","8,69","1,4","1,22",20,14,213,214,216,207,"14,99","14,92","14,91","14,7",93,94,66,62,"0,2","981,57",0,"13,97","17,84","16,37","1011,57",19/10/2017 13:40:00,1,0,1,0
81,"3,07","6,29","4,35","8,57","1,47","1,1",21,14,205,207,191,203,"14,86","15,04","14,73","14,53",94,95,96,89,"0,1","981,44",0,"14,02","17,84","16,39","1011,45",19/10/2017 13:50:00,1,0,1,0
81,"3,56","7,63","4,79","9,6","1,82","1,31",20,17,214,207,210,202,"14,83","15,13","14,77","14,53",94,95,86,80,0,"981,44",0,"14,02","17,84","16,4","1011,45",19/10/2017 14:00:00,1,0,1,0
81,"3,78","7,2","5,71","10,06","1,72","1,47",23,13,182,204,205,198,"14,86","14,96","14,96","14,69",93,94,55,52,0,"981,52",0,"13,99","17,84","16,41","1011,53",19/10/2017 14:10:00,1,0,1,0
81,"3,87","8,25","5,87","9,57","1,64","1,53",21,14,201,204,203,198,15,"15,36","15,03","14,8",93,95,155,137,"0,1","981,44",0,"14,16","17,83","16,43","1011,43",19/10/2017 14:20:00,1,0,1,0
81,"3,87","8,01","5,62","9,7","1,44","1,29",21,12,185,203,196,194,"15,14","15,7","15,08","14,89",93,95,132,124,"0,1","981,5",0,"14,28","17,82","16,44","1011,47",19/10/2017 14:30:00,1,0,1,0
81,"3,85","6,7","5,78","9,25","1,37","1,19",19,11,216,205,222,199,"15,12","15,43","15,17","14,94",92,94,94,90,0,"981,51",0,"14,19","17,82","16,46","1011,49",19/10/2017 14:40:00,1,0,0,0
81,"3,58","7,41","5,07","7,38","1,07","1,23",20,12,192,200,171,192,"15,15","15,24","15,17","14,92",93,94,67,64,0,"981,56",0,"14,24","17,81","16,47","1011,54",19/10/2017 14:50:00,1,0,1,0
81,3,"5,46","4,32","7,01","0,97","0,92",18,11,192,198,187,189,"15,08","15,18","15,08","14,82",93,94,63,59,"0,1","981,45",0,"14,19","17,81","16,48","1011,43",19/10/2017 15:00:00,0,0,1,0
81,"3,52","7,42","5,56","8,76","1,2","1,32",19,11,209,203,188,196,"14,97",15,"14,91","14,68",94,95,62,58,"0,2","981,45",0,"14,14","17,81","16,5","1011,45",19/10/2017 15:10:00,0,0,1,0
81,"2,92","5,47","3,99","6,24","0,9","0,86",19,14,218,209,199,201,"14,88","14,93","14,91","14,65",94,95,59,56,"0,1","981,54",0,"14,09","17,8","16,51","1011,55",19/10/2017 15:20:00,0,0,1,0
81,"1,93","3,4","2,85","4,04","0,66","0,55",18,13,215,207,195,199,"14,9","14,97","14,86","14,65",94,96,37,35,"0,1","981,47",0,"14,2","17,8","16,52","1011,47",19/10/2017 15:30:00,0,0,1,0
81,"1,59","3,49","2,23","4,05","0,79","0,71",22,14,190,204,193,201,"14,94","14,97","14,9","14,66",95,96,37,34,"0,1","981,3",0,"14,32","17,8","16,54","1011,29",19/10/2017 15:40:00,0,0,1,0
81,"1,45","3,3","1,91","3,65","0,79","0,64",27,20,197,218,185,207,"14,98","15,01","14,97","14,73",95,96,29,28,"0,1","981,29",0,"14,41","17,79","16,55","1011,27",19/10/2017 15:50:00,0,0,1,0
81,"1,47","3,09","2,37","4,05","0,74","0,6",29,20,192,204,195,204,"15,03","15,07","15,04","14,79",96,97,25,23,"0,1","981,36",0,"14,51","17,78","16,56","1011,35",19/10/2017 16:00:00,0,0,1,0
81,"2,16","4,64","2,73","5,19","0,99","0,92",22,20,203,207,169,198,"15,04","15,04","15,1","14,83",96,97,22,20,"0,1","981,42",0,"14,52","17,78","16,58","1011,41",19/10/2017 16:10:00,0,0,1,0
81,"1,95","3,7","2,59","4,76","0,93","0,73",17,14,228,224,241,226,"15,06","15,01","15,18","14,9",96,97,11,10,"0,1","981,46",0,"14,54","17,77","16,59","1011,44",19/10/2017 16:20:00,1,0,1,0
81,"2,6","6,4","3,49","7,11","1,31","1,17",24,26,215,232,212,222,"15,08","14,97","15,2","14,91",96,97,11,10,"0,4","981,51",0,"14,58","17,77","16,6","1011,49",19/10/2017 16:30:00,1,0,1,0
81,"0,71","2,06","1,17","2,52","0,66","0,43",34,27,286,292,252,268,"15,07","14,94","15,14","14,89",96,97,8,8,"0,4","981,75",0,"14,58","17,77","16,61","1011,74",19/10/2017 16:40:00,0,0,1,0
81,"1,33","3,18","2,33","4,3","0,99","0,62",48,34,240,271,232,254,"15,01","14,87","15,08","14,81",96,97,1,4,"0,1","981,95",0,"14,54","17,77","16,62","1011,96",19/10/2017 16:50:00,1,0,1,0
81,"1,74","3,39","2,78","4,34","0,77","0,66",21,14,278,282,244,267,"14,93","14,77","14,97","14,72",96,97,2,4,"0,3","982,13",0,"14,49","17,76","16,63","1012,15",19/10/2017 17:00:00,1,0,1,0
81,"2,1","3,92","2,74","5,65","0,93","0,64",21,18,280,257,278,252,"14,84","14,7","14,88","14,62",96,97,0,4,"0,1","982,34",0,"14,43","17,76","16,64","1012,37",19/10/2017 17:10:00,1,1,1,0
81,"1,92","3,71","2,7","4,54","0,52","0,56",21,15,229,234,201,221,"14,82","14,7","14,86","14,61",97,98,0,3,"0,2","982,3",0,"14,44","17,75","16,65","1012,33",19/10/2017 17:20:00,0,1,1,0
81,"2,09","3,2","2,89","3,92","0,45","0,53",15,8,224,237,230,227,"14,82","14,7","14,88","14,63",97,98,0,2,"0,1","982,41",0,"14,48","17,75","16,66","1012,45",19/10/2017 17:30:00,0,1,1,0
81,"2,83","5,57","3,93","6,66","0,96","0,89",18,12,221,227,223,219,"14,86","14,78","14,98","14,7",97,98,0,1,"0,1","982,42",0,"14,55","17,75","16,67","1012,45",19/10/2017 17:40:00,0,1,1,0
81,"3,69","6,19","5,15","8,55","0,98","0,94",16,11,214,230,219,223,"15,04","14,96","15,17","14,9",97,98,0,1,"0,1","982,54",0,"14,74","17,75","16,67","1012,56",19/10/2017 17:50:00,0,1,1,0
81,"3,88","6,8","5,67","9,18","1,16","1,11",17,11,232,234,222,224,"15,18","15,09","15,29","15,04",97,98,0,0,0,"982,6",0,"14,9","17,75","16,68","1012,6",19/10/2017 18:00:00,0,1,1,0
81,"3,78","7,12","5,1","7,85","1,09","1,08",17,13,235,233,227,223,"15,26","15,17","15,41","15,13",97,98,0,0,0,"982,68",0,"14,99","17,74","16,69","1012,67",19/10/2017 18:10:00,0,1,1,0
81,"3,17","5,37","4,55","7,43","1,23","0,96",19,14,210,229,233,221,"15,35","15,27","15,5","15,22",97,98,0,0,0,"982,75",0,"15,08","17,74","16,7","1012,74",19/10/2017 18:20:00,0,1,1,0
81,"3,92","8,05","5,5","8,92","1,27","1,27",18,11,232,233,228,224,"15,43","15,34","15,57","15,3",97,98,0,0,0,"983,01",0,"15,18","17,74","16,7","1012,99",19/10/2017 18:30:00,0,1,1,0
81,"3,61","6,29","5,05","7,51","1,21","1,16",19,13,232,227,205,220,"15,48","15,38","15,6","15,35",97,98,0,0,0,"983,16",0,"15,23","17,73","16,71","1013,14",19/10/2017 18:40:00,0,1,1,0
81,"3,3","6,6","4,62","7,4","1,05","1,16",18,13,232,230,235,222,"15,48","15,38","15,6","15,36",97,98,0,0,0,"983,17",0,"15,23","17,73","16,71","1013,15",19/10/2017 18:50:00,0,1,1,0
81,"3,45","6,29","4,5","6,76","1,02","0,96",16,10,230,238,229,229,"15,49","15,37","15,6","15,35",97,98,0,0,0,"983,28",0,"15,25","17,73","16,71","1013,26",19/10/2017 19:00:00,0,1,1,0
81,"2,52","5,16","4,02","5,61","0,75","0,76",18,12,256,247,225,240,"15,48","15,36","15,6","15,36",97,98,0,0,0,"983,36",0,"15,24","17,73","16,72","1013,35",19/10/2017 19:10:00,0,1,1,0
81,"2,74","6,09","3,83","6,89","1,1","1,01",21,14,240,252,225,244,"15,49","15,37","15,6","15,32",98,99,0,0,"0,1","983,38",0,"15,27","17,72","16,72","1013,37",19/10/2017 19:20:00,0,1,1,0
81,"2,39","5,16","3,71","6,01","0,87","0,91",19,11,262,252,267,248,"15,48","15,36","15,61","15,32",98,99,0,0,"0,2","983,46",0,"15,26","17,72","16,72","1013,44",19/10/2017 19:30:00,0,1,1,0
81,"2,53","4,54","3,67","5,81","0,81","0,82",19,11,263,254,259,243,"15,48","15,38","15,6","15,32",98,99,0,0,0,"983,56",0,"15,26","17,72","16,73","1013,55",19/10/2017 19:40:00,0,1,1,0
81,"2,67","5,47","4,09","6,11","0,88","1,01",22,16,238,257,224,244,"15,48","15,41","15,65","15,35",98,99,0,0,"0,1","983,8",0,"15,26","17,72","16,73","1013,8",19/10/2017 19:50:00,0,1,1,0
81,"2,99","5,26","4,4","6,14","0,81","0,95",19,12,264,262,243,253,"15,52","15,43","15,65","15,38",98,99,0,0,"0,3","983,95",0,"15,32","17,71","16,73","1013,95",19/10/2017 20:00:00,0,1,1,0
81,"2,36","4,95","3,67","5,19","0,8","0,8",18,8,250,249,239,239,"15,51","15,44","15,64","15,38",98,99,0,0,"0,1","984,01",0,"15,31","17,71","16,73","1014,01",19/10/2017 20:10:00,0,1,1,0
81,"2,15","4,33","3,25","5,26","0,91","0,73",17,10,254,255,262,250,"15,52","15,45","15,64","15,38",98,99,0,0,0,"984,17",0,"15,32","17,71","16,74","1014,18",19/10/2017 20:20:00,0,1,1,0
81,"1,86","3,61","2,69","3,66","0,51","0,51",16,11,253,260,244,251,"15,53","15,43","15,65","15,38",98,99,0,0,0,"984,2",0,"15,33","17,71","16,74","1014,21",19/10/2017 20:30:00,0,1,1,0
81,"1,46","2,89",2,"3,04","0,44","0,53",17,10,262,254,224,244,"15,51","15,42","15,66","15,38",98,99,0,0,0,"984,3",0,"15,31","17,71","16,74","1014,31",19/10/2017 20:40:00,0,1,1,0
81,"1,51","2,58","2,22","2,71","0,32","0,42",14,7,256,246,228,237,"15,49","15,36","15,63","15,35",98,99,0,0,0,"984,4",0,"15,29","17,71","16,74","1014,42",19/10/2017 20:50:00,0,1,1,0
81,"1,14","1,95","1,43","2,32","0,35","0,38",15,13,232,219,210,213,"15,46","15,33","15,6","15,32",98,99,0,0,0,"984,34",0,"15,26","17,71","16,74","1014,36",19/10/2017 21:00:00,0,1,1,0
81,"1,11","1,83","1,34","1,89","0,24","0,31",21,14,210,226,258,214,"15,42","15,3","15,55","15,29",98,99,0,0,0,"984,43",0,"15,22","17,71","16,75","1014,46",19/10/2017 21:10:00,0,1,1,0
81,"0,87","1,75","1,49","2,42","0,4","0,32",19,8,240,245,216,246,"15,39","15,07","15,57","15,26",98,99,0,0,0,"984,69",0,"15,19","17,71","16,75","1014,73",19/10/2017 21:20:00,0,1,1,0
81,"0,79","1,34","1,22","2,03","0,29","0,27",17,17,257,258,222,245,"15,32","14,82","15,56","15,2",98,99,0,0,0,"984,73",0,"15,12","17,71","16,75","1014,78",19/10/2017 21:30:00,0,1,1,0
81,"0,55","1,23","0,9","1,7","0,31","0,28",40,20,223,191,215,190,"15,27","14,75","15,56","15,2",98,99,0,0,0,"984,61",0,"15,07","17,7","16,75","1014,66",19/10/2017 21:40:00,0,1,1,0
81,"1,08","2,16","1,66","2,87","0,44","0,38",24,11,193,193,226,180,"15,16","14,36","15,56","15,17",98,99,0,0,0,"984,62",0,"14,96","17,7","16,75","1014,68",19/10/2017 21:50:00,0,1,1,0
81,"1,08","1,96","1,57","2,48","0,36","0,41",10,12,196,202,190,197,"15,17","14,86","15,46","15,15",98,99,0,0,0,"984,69",0,"14,97","17,7","16,75","1014,75",19/10/2017 22:00:00,0,1,1,0
81,"1,64","2,88","2,44","3,72","0,55","0,44",16,7,194,194,180,178,"15,18","14,93","15,35","15,09",98,99,0,0,0,"984,59",0,"14,98","17,69","16,76","1014,65",19/10/2017 22:10:00,0,1,1,0
81,"1,67","2,89","2,34","3,3","0,38","0,45",16,8,212,199,188,187,"15,08","14,81","15,2","14,92",98,99,0,0,0,"984,61",0,"14,88","17,69","16,76","1014,68",19/10/2017 22:20:00,0,1,1,0
81,"1,23","2,06","1,76","2,42","0,35","0,35",17,18,225,213,217,201,"14,98","14,66","15,15","14,83",98,99,0,0,0,"984,77",0,"14,78","17,69","16,76","1014,85",19/10/2017 22:30:00,0,1,1,0
81,"1,25","2,57","1,97","3,59","0,49","0,42",16,11,230,243,196,241,"14,93","14,75","15,12","14,8",98,99,0,0,0,"985,04",0,"14,73","17,69","16,76","1015,14",19/10/2017 22:40:00,0,1,1,0
81,"1,18","2,47","1,79","3,1","0,49","0,41",17,16,244,250,241,239,"14,93","14,81","15,1","14,78",98,99,0,0,0,"985,13",0,"14,73","17,69","16,76","1015,23",19/10/2017 22:50:00,0,1,1,0
81,"1,81","3,29","2,48","3,92","0,61","0,52",13,11,252,260,263,257,"14,93","14,85","15,09","14,78",98,99,0,0,0,"985,19",0,"14,73","17,69","16,76","1015,3",19/10/2017 23:00:00,0,1,1,0
81,"1,65","3,09","2,16","4,12","0,61","0,49",17,12,251,256,250,252,"14,97","14,85","15,1","14,8",98,99,0,0,0,"985,16",0,"14,77","17,69","16,76","1015,26",19/10/2017 23:10:00,0,1,1,0
81,"2,21","4,17","3,06","4,96","0,94","0,76",14,9,237,243,226,232,"14,95","14,83","15,08","14,81",98,99,0,0,0,"985,04",0,"14,75","17,68","16,76","1015,14",19/10/2017 23:20:00,0,1,1,0
81,"2,26","4,12","3,31","4,77","0,63","0,74",16,8,233,249,236,245,"14,97","14,87","15,13","14,83",98,99,0,0,0,"985,25",0,"14,77","17,69","16,76","1015,35",19/10/2017 23:30:00,0,1,1,0
81,"1,71","3,4","2,82","3,92","0,53","0,58",16,9,239,247,230,236,"15,02","14,95","15,18","14,89",98,99,0,0,0,"985,43",0,"14,82","17,69","16,76","1015,53",19/10/2017 23:40:00,0,1,1,0
81,"1,49","2,57","2,05","3,27","0,43","0,37",20,13,251,231,228,222,"15,04","14,98","15,2","14,92",98,99,0,0,0,"985,47",0,"14,84","17,69","16,76","1015,57",19/10/2017 23:50:00,0,1,1,0
81,"1,22","2,78","1,6","2,97","0,57","0,51",19,14,187,216,187,209,"15,07",15,"15,23","14,94",98,99,0,0,0,"985,29",0,"14,87","17,69","16,76","1015,39",20/10/2017,0,1,1,0
